timestamp,block_number,tx_index,tx_hash,action,log_index,token_id,tick_lower,tick_upper,liquidity,amount0,amount1,amount0_dec,amount1_dec,fee0,fee1,fee0_dec,fee1_dec,details
2025-09-04T13:45:25+00:00,35102089,33,0x302b346784141a86351ebe7a96bbebc726a3f4bf0a3e43e63aa0c170863efb2c,mint,133,24623109,-70100,-70000,11277423106,1641793994,207616,1641.793994,0.00207616,,,0,0,"{""pool_owner"": ""0x827922686190790b37229fd06084350E74485b72""}"
2025-09-04T15:20:13+00:00,35104933,575,0x859b7ffabf3c3711ab33f73fc93bf67052ee44c0b69542dd0144184519940894,burn,1012,24623109,-70100,-70000,11277423106,0,1698706,0,0.01698706,,,0,0,
2025-09-04T15:20:13+00:00,35104933,575,0x859b7ffabf3c3711ab33f73fc93bf67052ee44c0b69542dd0144184519940894,collect,1017,24623109,-70100,-70000,,1238164,1700223,1.238164,0.01700223,1238164,1517,1.238164,0.00001517,"{""recipient"": ""0x982116545d53F954Ac348694CB1a8cF45269bBf0""}"
2025-09-04T15:20:35+00:00,35104944,114,0x50cba4d4133457404c19799e48723dbb61342ab8b0053fc7b01cd44ffeec3a28,mint,647,24631504,-70100,-69900,5593439096,779894651,973749,779.894651,0.00973749,,,0,0,"{""pool_owner"": ""0x827922686190790b37229fd06084350E74485b72""}"
2025-09-04T22:30:11+00:00,35117832,153,0x3e447309a3609eae17ea24c16641408aa9f3c504426028cae834098c8c4c5f16,burn,1040,24631504,-70100,-69900,5593439096,1851883658,0,1851.883658,0,,,0,0,
2025-09-04T22:30:11+00:00,35117832,153,0x3e447309a3609eae17ea24c16641408aa9f3c504426028cae834098c8c4c5f16,collect,1045,24631504,-70100,-69900,,1853876952,1506,1853.876952,0.00001506,1993294,1506,1.993294,0.00001506,"{""recipient"": ""0x982116545d53F954Ac348694CB1a8cF45269bBf0""}"
2025-09-04T22:30:29+00:00,35117841,64,0x6d3d95202b4bfa804e6074bd53396ea4692ab175cff599684bac214c19502fb8,mint,108,24665233,-70200,-70000,6022391873,1123841292,790345,1123.841292,0.00790345,,,0,0,"{""pool_owner"": ""0x827922686190790b37229fd06084350E74485b72""}"
2025-09-05T07:00:11+00:00,35133132,231,0xd66c69fc369fce1d58bd2f6c1112b5902b6da3e2b5725a2f65814f699450c13f,burn,838,24665233,-70200,-70000,6022391873,2003895919,0,2003.895919,0,,,0,0,
2025-09-05T07:00:11+00:00,35133132,231,0xd66c69fc369fce1d58bd2f6c1112b5902b6da3e2b5725a2f65814f699450c13f,collect,843,24665233,-70200,-70000,,2005773386,1396,2005.773386,0.00001396,1877467,1396,1.877467,0.00001396,"{""recipient"": ""0x982116545d53F954Ac348694CB1a8cF45269bBf0""}"
2025-09-05T07:00:33+00:00,35133143,81,0xce9e81be9049d53a868a857afc67ecd5a9c79959a14e0ab3c5d6c49e3b0db16e,mint,313,24700852,-70300,-70100,5986711265,1074021403,825300,1074.021403,0.008253,,,0,0,"{""pool_owner"": ""0x827922686190790b37229fd06084350E74485b72""}"
2025-09-05T08:00:13+00:00,35134933,97,0xd37c43fe595c1e428dd97d5eaa6a1b1a163d483340b1cbd7c2d558fbbc9a32b5,burn,219,24700852,-70300,-70100,5986711265,2002008081,0,2002.008081,0,,,0,0,
2025-09-05T08:00:13+00:00,35134933,97,0xd37c43fe595c1e428dd97d5eaa6a1b1a163d483340b1cbd7c2d558fbbc9a32b5,collect,224,24700852,-70300,-70100,,2002722520,360,2002.72252,0.0000036,714439,360,0.714439,0.0000036,"{""recipient"": ""0x982116545d53F954Ac348694CB1a8cF45269bBf0""}"
2025-09-05T08:00:31+00:00,35134942,63,0x7a52e5b6f18987418baf267209751ba8df87fc6be7111040c60ee1a4892e5d7c,mint,101,24706500,-70400,-70200,5962543749,1002477488,882086,1002.477488,0.00882086,,,0,0,"{""pool_owner"": ""0x827922686190790b37229fd06084350E74485b72""}"
2025-09-05T14:20:15+00:00,35146334,64,0xee2981b7577978a7e6a11fd58cf5c0b67dc0bed1ed2245f10ec654ee8c5c007a,burn,115,24706500,-70400,-70200,5962543749,0,1773956,0,0.01773956,,,0,0,
2025-09-05T14:20:15+00:00,35146334,64,0xee2981b7577978a7e6a11fd58cf5c0b67dc0bed1ed2245f10ec654ee8c5c007a,collect,120,24706500,-70400,-70200,,3813416,1777644,3.813416,0.01777644,3813416,3688,3.813416,0.00003688,"{""recipient"": ""0x982116545d53F954Ac348694CB1a8cF45269bBf0""}"
2025-09-05T14:40:23+00:00,35146938,25,0x2a638d71140b743d9d7c238fddcec2f72971d70f77dc10339acb6330f6d76924,mint,124,24737600,-70200,-70000,5848627593,974458314,873100,974.458314,0.008731,,,0,0,"{""pool_owner"": ""0x827922686190790b37229fd06084350E74485b72""}"
2025-09-08T09:10:11+00:00,35266632,201,0xe879ed8fadce3187ef4ca691e5e46309c3a8858278ff5fc1a4b136f290be697d,burn,386,24737600,-70200,-70000,5848627593,1946077441,0,1946.077441,0,,,0,0,
2025-09-08T09:10:11+00:00,35266632,201,0xe879ed8fadce3187ef4ca691e5e46309c3a8858278ff5fc1a4b136f290be697d,collect,391,24737600,-70200,-70000,,1954674579,7427,1954.674579,0.00007427,8597138,7427,8.597138,0.00007427,"{""recipient"": ""0x982116545d53F954Ac348694CB1a8cF45269bBf0""}"
2025-09-08T09:10:29+00:00,35266641,144,0x04afab06eb0d70ac34a3c203a0e35bc2d85a6977fa198a22cb04f5e665aaefab,mint,164,24962130,-70300,-70100,5998766647,1019381456,877728,1019.381456,0.00877728,,,0,0,"{""pool_owner"": ""0x827922686190790b37229fd06084350E74485b72""}"
2025-09-09T06:50:07+00:00,35305630,246,0x0f46876aa1e3960e72f769e71fff8db85b0ebfeab16089a51486d33f658a023e,burn,1103,24962130,-70300,-70100,5998766647,1974562188,27869,1974.562188,0.00027869,,,0,0,
2025-09-09T06:50:07+00:00,35305630,246,0x0f46876aa1e3960e72f769e71fff8db85b0ebfeab16089a51486d33f658a023e,collect,1108,24962130,-70300,-70100,,1978938389,31448,1978.938389,0.00031448,4376201,3579,4.376201,0.00003579,"{""recipient"": ""0x982116545d53F954Ac348694CB1a8cF45269bBf0""}"
2025-09-09T06:50:31+00:00,35305642,49,0x9a5f622846a0c4ffd0307416b7d1142eab55339eea56fb34fbb0adaac467168a,mint,211,25056967,-70400,-70200,5877364286,968649223,886754,968.649223,0.00886754,,,0,0,"{""pool_owner"": ""0x827922686190790b37229fd06084350E74485b72""}"
2025-09-09T14:40:09+00:00,35319731,87,0x705f9c3216c6f904aa20a6d022bfa4fd5723fc32c8b239472ee991069a3c241f,burn,345,25056967,-70400,-70200,5877364286,0,1748613,0,0.01748613,,,0,0,
2025-09-09T14:40:09+00:00,35319731,87,0x705f9c3216c6f904aa20a6d022bfa4fd5723fc32c8b239472ee991069a3c241f,collect,350,25056967,-70400,-70200,,1912054,1750596,1.912054,0.01750596,1912054,1983,1.912054,0.00001983,"{""recipient"": ""0x982116545d53F954Ac348694CB1a8cF45269bBf0""}"
2025-09-09T14:40:23+00:00,35319738,38,0x6c05360f5ad1303ab5fa8c0402b29cb97b3756f72b2541f632d9dd488498d294,mint,244,25090218,-70300,-70100,5938143837,973775132,900424,973.775132,0.00900424,,,0,0,"{""pool_owner"": ""0x827922686190790b37229fd06084350E74485b72""}"
2025-09-10T12:40:09+00:00,35359331,25,0xd1b8a588476e2a95afacf8511388a744a565142ff06a59f4b53a180d1cf1648e,burn,56,25090218,-70300,-70100,5938143837,1985766713,0,1985.766713,0,,,0,0,
2025-09-10T12:40:09+00:00,35359331,25,0xd1b8a588476e2a95afacf8511388a744a565142ff06a59f4b53a180d1cf1648e,collect,61,25090218,-70300,-70100,,1989568062,3096,1989.568062,0.00003096,3801349,3096,3.801349,0.00003096,"{""recipient"": ""0x982116545d53F954Ac348694CB1a8cF45269bBf0""}"
2025-09-10T13:20:23+00:00,35360538,57,0x160d1da3014ba1f80d455efc9641ddaeb204b81a61193a1058e3d6557268fbc8,mint,274,25173740,-70400,-70300,11655430835,1139287087,723887,1139.287087,0.00723887,,,0,0,"{""pool_owner"": ""0x827922686190790b37229fd06084350E74485b72""}"
2025-09-10T13:50:09+00:00,35361431,112,0x919569d59826ccfd4ad203ecf6559dc1a020b31bb54b955f3d64ff9f67fdf74d,burn,370,25173740,-70400,-70300,11655430835,1963502859,0,1963.502859,0,,,0,0,
2025-09-10T13:50:09+00:00,35361431,112,0x919569d59826ccfd4ad203ecf6559dc1a020b31bb54b955f3d64ff9f67fdf74d,collect,375,25173740,-70400,-70300,,1964205594,365,1964.205594,0.00000365,702735,365,0.702735,0.00000365,"{""recipient"": ""0x982116545d53F954Ac348694CB1a8cF45269bBf0""}"
2025-09-10T13:50:31+00:00,35361442,60,0x8e3a7e995af0df2fd6cd42ad2452dde94e0d853b2638819de5c1a0914e950387,mint,151,25176585,-70500,-70300,5661212521,1079300533,725851,1079.300533,0.00725851,,,0,0,"{""pool_owner"": ""0x827922686190790b37229fd06084350E74485b72""}"
2025-09-11T22:50:09+00:00,35420831,20,0xcf94739ffc227f5982bfe888f57c4e8c49b92a17f9129e7b4c6b71835dc09c18,burn,96,25176585,-70500,-70300,5661212521,1912184086,0,1912.184086,0,,,0,0,
2025-09-11T22:50:09+00:00,35420831,20,0xcf94739ffc227f5982bfe888f57c4e8c49b92a17f9129e7b4c6b71835dc09c18,collect,101,25176585,-70500,-70300,,1919308686,5994,1919.308686,0.00005994,7124600,5994,7.1246,0.00005994,"{""recipient"": ""0x982116545d53F954Ac348694CB1a8cF45269bBf0""}"
2025-09-11T22:50:29+00:00,35420841,142,0xb3d2d5e7ca5fa3f641cd27c4883202fce45903959875cdbd7c28fef24c134c58,mint,432,25313808,-70600,-70400,5905447866,1045930721,827580,1045.930721,0.0082758,,,0,0,"{""pool_owner"": ""0x827922686190790b37229fd06084350E74485b72""}"
2025-09-12T18:40:09+00:00,35456531,19,0x57db6f22a0c035f958eb726d0afd64273d72db4d050259e417542deff0e8ae03,burn,49,25313808,-70600,-70400,5905447866,2004677171,0,2004.677171,0,,,0,0,
2025-09-12T18:40:09+00:00,35456531,19,0x57db6f22a0c035f958eb726d0afd64273d72db4d050259e417542deff0e8ae03,collect,54,25313808,-70600,-70400,,2008433473,3008,2008.433473,0.00003008,3756302,3008,3.756302,0.00003008,"{""recipient"": ""0x982116545d53F954Ac348694CB1a8cF45269bBf0""}"
2025-09-12T18:40:29+00:00,35456541,231,0x8bda0b7bf25ec99d540eb32a1f7b8f72c585c9eed258f5204afb08d8113ce0ea,mint,637,25408683,-70700,-70500,5873633558,1107019920,766215,1107.01992,0.00766215,,,0,0,"{""pool_owner"": ""0x827922686190790b37229fd06084350E74485b72""}"
2025-09-15T00:10:07+00:00,35552830,198,0x491e1a60d4852a9232b02de1a287b671a46b407715d9b8bf76de1fefd496be9b,burn,543,25408683,-70700,-70500,5873633558,0,1721488,0,0.01721488,,,0,0,
2025-09-15T00:10:07+00:00,35552830,198,0x491e1a60d4852a9232b02de1a287b671a46b407715d9b8bf76de1fefd496be9b,collect,548,25408683,-70700,-70500,,4299249,1725423,4.299249,0.01725423,4299249,3935,4.299249,0.00003935,"{""recipient"": ""0x982116545d53F954Ac348694CB1a8cF45269bBf0""}"
2025-09-15T00:10:25+00:00,35552839,180,0xf47f31b9802480ef35f5bf865bc367ad0a3e1b38f17f9575e12c48ff28548eba,mint,648,25621493,-70600,-70400,5554041021,809939398,929171,809.939398,0.00929171,,,0,0,"{""pool_owner"": ""0x827922686190790b37229fd06084350E74485b72""}"
2025-09-15T05:40:09+00:00,35562731,54,0x85f06f728ead9abaee7a538a3b15bde386d4dc32300a488e3a0f7ae975352c24,burn,68,25621493,-70600,-70400,5554041021,1885387780,0,1885.38778,0,,,0,0,
2025-09-15T05:40:09+00:00,35562731,54,0x85f06f728ead9abaee7a538a3b15bde386d4dc32300a488e3a0f7ae975352c24,collect,73,25621493,-70600,-70400,,1886444288,596,1886.444288,0.00000596,1056508,596,1.056508,0.00000596,"{""recipient"": ""0x982116545d53F954Ac348694CB1a8cF45269bBf0""}"
2025-09-15T05:40:29+00:00,35562741,273,0x312d92dcd7b4e9d40b4be196d42635695a1e36b2700b06aac04f9cf104f94589,mint,278,25646454,-70700,-70500,5876828774,1006800481,853196,1006.800481,0.00853196,,,0,0,"{""pool_owner"": ""0x827922686190790b37229fd06084350E74485b72""}"
2025-09-15T08:50:09+00:00,35568431,104,0xb8b72a43b0a88f73740a65a6a827cff627fb1efe1902638044c1cc90481fa909,burn,254,25646454,-70700,-70500,5876828774,0,1722424,0,0.01722424,,,0,0,
2025-09-15T08:50:09+00:00,35568431,104,0xb8b72a43b0a88f73740a65a6a827cff627fb1efe1902638044c1cc90481fa909,collect,259,25646454,-70700,-70500,,589407,1723209,0.589407,0.01723209,589407,785,0.589407,0.00000785,"{""recipient"": ""0x982116545d53F954Ac348694CB1a8cF45269bBf0""}"
2025-09-15T08:50:31+00:00,35568442,43,0x4109ae40f1194a8750ada5f43b79475632a0fc6aa020ea97736444047df77fb8,mint,140,25663201,-70600,-70400,5885107018,897510840,950422,897.51084,0.00950422,,,0,0,"{""pool_owner"": ""0x827922686190790b37229fd06084350E74485b72""}"
2025-09-16T17:20:09+00:00,35626931,26,0xf115854b3d5c459e9a00992d067e6e19db5bb49a63e984e0175af79770790c4b,burn,83,25663201,-70600,-70400,5885107018,1997772219,0,1997.772219,0,,,0,0,
2025-09-16T17:20:09+00:00,35626931,26,0xf115854b3d5c459e9a00992d067e6e19db5bb49a63e984e0175af79770790c4b,collect,88,25663201,-70600,-70400,,2003873884,4961,2003.873884,0.00004961,6101665,4961,6.101665,0.00004961,"{""recipient"": ""0x982116545d53F954Ac348694CB1a8cF45269bBf0""}"
2025-09-16T17:20:29+00:00,35626941,241,0x4e7f31e4f821413bd9a9a7e30ab1046ad35e92b7f15fae1ca063b8bd59e820b6,mint,1436,25807648,-70700,-70600,11702346997,449211271,1325144,449.211271,0.01325144,,,0,0,"{""pool_owner"": ""0x827922686190790b37229fd06084350E74485b72""}"
2025-09-16T18:40:09+00:00,35629331,52,0x2ab5884de486a25f3a63960f6bf0e1f8fb0e6df056d4d3e8740d4c26926d91c5,burn,177,25807648,-70700,-70600,11702346997,0,1710618,0,0.01710618,,,0,0,
2025-09-16T18:40:09+00:00,35629331,52,0x2ab5884de486a25f3a63960f6bf0e1f8fb0e6df056d4d3e8740d4c26926d91c5,collect,182,25807648,-70700,-70600,,707238,1711313,0.707238,0.01711313,707238,695,0.707238,0.00000695,"{""recipient"": ""0x982116545d53F954Ac348694CB1a8cF45269bBf0""}"
2025-09-16T18:40:29+00:00,35629341,276,0x51b4ec553f7bb9b266b023d39298f25d760601a34c14cbeb0d86210ac9488221,mint,879,25815112,-70700,-70500,5877058017,986909739,870351,986.909739,0.00870351,,,0,0,"{""pool_owner"": ""0x827922686190790b37229fd06084350E74485b72""}"
2025-09-17T18:50:09+00:00,35672831,141,0xb8dbdc3001e32cb18d9785cf02a5947eee13dfc85f2cff708fd22b81450d0016,burn,204,25815112,-70700,-70500,5877058017,0,1722491,0,0.01722491,,,0,0,
2025-09-17T18:50:09+00:00,35672831,141,0xb8dbdc3001e32cb18d9785cf02a5947eee13dfc85f2cff708fd22b81450d0016,collect,209,25815112,-70700,-70500,,4987207,1727041,4.987207,0.01727041,4987207,4550,4.987207,0.0000455,"{""recipient"": ""0x982116545d53F954Ac348694CB1a8cF45269bBf0""}"
2025-09-17T19:00:23+00:00,35673138,82,0x558935848fb3fdbc12a605509ddccc14e9087af8d25722f0f2020b8c53fab107,mint,177,25921935,-70600,-70400,5675383717,918285826,870740,918.285826,0.0087074,,,0,0,"{""pool_owner"": ""0x827922686190790b37229fd06084350E74485b72""}"
2025-09-17T23:00:09+00:00,35680331,142,0x9f285064c6ab4903dd73e29a4959ab6a05e5f56060eef6b9b9277d41bd21c063,burn,270,25921935,-70600,-70400,5675383717,1926579056,0,1926.579056,0,,,0,0,
2025-09-17T23:00:09+00:00,35680331,142,0x9f285064c6ab4903dd73e29a4959ab6a05e5f56060eef6b9b9277d41bd21c063,collect,275,25921935,-70600,-70400,,1927968742,893,1927.968742,0.00000893,1389686,893,1.389686,0.00000893,"{""recipient"": ""0x982116545d53F954Ac348694CB1a8cF45269bBf0""}"
2025-09-17T23:00:31+00:00,35680342,48,0x01c33095ba3bd90ff2faca3ce590b12f5bff288f0ccb92f2e479dca83fdba5c2,mint,118,25945019,-70700,-70600,8886224917,451145300,911971,451.1453,0.00911971,,,0,0,"{""pool_owner"": ""0x827922686190790b37229fd06084350E74485b72""}"
2025-09-18T00:10:07+00:00,35682430,136,0x7acbe8b904e3109b946a273ae83c484b550690a4fbea6916d627b98ad6b1817e,burn,379,25945019,-70700,-70600,8886224917,19252113,1282427,19.252113,0.01282427,,,0,0,
2025-09-18T00:10:07+00:00,35682430,136,0x7acbe8b904e3109b946a273ae83c484b550690a4fbea6916d627b98ad6b1817e,collect,384,25945019,-70700,-70600,,19530269,1282743,19.530269,0.01282743,278156,316,0.278156,0.00000316,"{""recipient"": ""0x982116545d53F954Ac348694CB1a8cF45269bBf0""}"
2025-09-18T00:10:31+00:00,35682442,29,0x306b9df235ec30799dad657d003f057ee615a43359fa156e1ef566d876fce4cb,mint,103,25951732,-70700,-70500,5782049950,980410068,848158,980.410068,0.00848158,,,0,0,"{""pool_owner"": ""0x827922686190790b37229fd06084350E74485b72""}"
2025-09-18T03:20:09+00:00,35688131,50,0xfbaf8f35f8ff98abc882691c4e0b49affaae8ccd24f1b4fdb01c2d7fb038cfa2,burn,164,25951732,-70700,-70500,5782049950,1972626249,0,1972.626249,0,,,0,0,
2025-09-18T03:20:09+00:00,35688131,50,0xfbaf8f35f8ff98abc882691c4e0b49affaae8ccd24f1b4fdb01c2d7fb038cfa2,collect,169,25951732,-70700,-70500,,1973450031,422,1973.450031,0.00000422,823782,422,0.823782,0.00000422,"{""recipient"": ""0x982116545d53F954Ac348694CB1a8cF45269bBf0""}"
2025-09-18T03:20:29+00:00,35688141,257,0x714ebfbe108b4e6ffa894a506dc862bc8604a6da63d968bd4a71e8931205877b,mint,524,25968345,-70800,-70600,5816340298,1111248194,746859,1111.248194,0.00746859,,,0,0,"{""pool_owner"": ""0x827922686190790b37229fd06084350E74485b72""}"
2025-09-19T11:50:09+00:00,35746631,28,0xb347fabcf059afbb7ba5128a2a0b557da295dec62dbf6f0055ca56577ccb6caa,burn,197,25968345,-70800,-70600,5816340298,0,1696194,0,0.01696194,,,0,0,
2025-09-19T11:50:09+00:00,35746631,28,0xb347fabcf059afbb7ba5128a2a0b557da295dec62dbf6f0055ca56577ccb6caa,collect,202,25968345,-70800,-70600,,3872705,1699776,3.872705,0.01699776,3872705,3582,3.872705,0.00003582,"{""recipient"": ""0x982116545d53F954Ac348694CB1a8cF45269bBf0""}"
2025-09-19T11:50:29+00:00,35746641,211,0x084de423bbb8c02c523273f40218c7b03447f3c64bbd77ebc3b96de31a1c812d,mint,415,26118583,-70700,-70500,5877836721,990065852,867867,990.065852,0.00867867,,,0,0,"{""pool_owner"": ""0x827922686190790b37229fd06084350E74485b72""}"
2025-09-19T19:50:09+00:00,35761031,44,0xd556bdbf2601d0ae65bc05011f10980886fcb7bd2bbadf5b24c0624d63877f8b,burn,237,26118583,-70700,-70500,5877836721,1796637,1721161,1.796637,0.01721161,,,0,0,
2025-09-19T19:50:09+00:00,35761031,44,0xd556bdbf2601d0ae65bc05011f10980886fcb7bd2bbadf5b24c0624d63877f8b,collect,242,26118583,-70700,-70500,,2846091,1722327,2.846091,0.01722327,1049454,1166,1.049454,0.00001166,"{""recipient"": ""0x982116545d53F954Ac348694CB1a8cF45269bBf0""}"
2025-09-19T19:50:31+00:00,35761042,91,0x335631870b8b7cdb40577afadbe7158977a72930a55359f80b740afeb903019d,mint,435,26157272,-70600,-70400,5905142823,1001313903,866195,1001.313903,0.00866195,,,0,0,"{""pool_owner"": ""0x827922686190790b37229fd06084350E74485b72""}"
2025-09-22T06:56:53+00:00,35867433,49,0xb36db6bf72b8f8bb43fa78dc4e7732a93eea5ac255142d625e1cadfee656fd48,burn,263,26157272,-70600,-70400,5905142823,0,1739398,0,0.01739398,,,0,0,
2025-09-22T06:56:53+00:00,35867433,49,0xb36db6bf72b8f8bb43fa78dc4e7732a93eea5ac255142d625e1cadfee656fd48,collect,268,26157272,-70600,-70400,,3469428,1742674,3.469428,0.01742674,3469428,3276,3.469428,0.00003276,"{""recipient"": ""0x982116545d53F954Ac348694CB1a8cF45269bBf0""}"
2025-09-22T06:57:15+00:00,35867444,33,0x2ffd1acdade3bb23b3f0a63c3825fc64994c43e05859180fe62d75044736db46,mint,196,26353885,-70500,-70400,11848875325,0,1749444,0,0.01749444,,,0,0,"{""pool_owner"": ""0x827922686190790b37229fd06084350E74485b72""}"
2025-09-22T07:00:09+00:00,35867531,141,0xa28af582814cd59dd0be2a432366938384feb5a02084e7a4881384d0dd545fbc,burn,379,26353885,-70500,-70400,11848875325,0,1749443,0,0.01749443,,,0,0,
2025-09-22T07:00:09+00:00,35867531,141,0xa28af582814cd59dd0be2a432366938384feb5a02084e7a4881384d0dd545fbc,collect,383,26353885,-70500,-70400,,0,1749443,0,0.01749443,0,0,0,0,"{""recipient"": ""0x982116545d53F954Ac348694CB1a8cF45269bBf0""}"
2025-09-22T07:00:37+00:00,35867545,250,0xcee1260bfbfb80b343b7c07574cc2c8839f51d09ce01cabe6ec6f017781a4b46,mint,393,26354296,-70400,-70200,5966087945,835144275,1031388,835.144275,0.01031388,,,0,0,"{""pool_owner"": ""0x827922686190790b37229fd06084350E74485b72""}"
2025-09-23T03:10:09+00:00,35903831,41,0xfe1435cc8472a80b913dd75bdc60687c0f6d5f2966463b0b75d62f0331c03435,burn,97,26354296,-70400,-70200,5966087945,0,1775010,0,0.0177501,,,0,0,
2025-09-23T03:10:09+00:00,35903831,41,0xfe1435cc8472a80b913dd75bdc60687c0f6d5f2966463b0b75d62f0331c03435,collect,102,26354296,-70400,-70200,,4626635,1779292,4.626635,0.01779292,4626635,4282,4.626635,0.00004282,"{""recipient"": ""0x982116545d53F954Ac348694CB1a8cF45269bBf0""}"
2025-09-23T03:10:31+00:00,35903842,57,0x517ee7c5bcbeb4cf9c7e5ecad4fdd8a917f7699a6f2cf75040f99ecdc30f9863,mint,83,26454759,-70300,-70100,5998439224,877631013,1004440,877.631013,0.0100444,,,0,0,"{""pool_owner"": ""0x827922686190790b37229fd06084350E74485b72""}"
2025-09-23T06:30:09+00:00,35909831,53,0x4ee545c22a305eac7bd8124fbf04e77799dc09e81e1a540b463b6c5a9fe6e03b,burn,110,26454759,-70300,-70100,5998439224,2005930012,0,2005.930012,0,,,0,0,
2025-09-23T06:30:09+00:00,35909831,53,0x4ee545c22a305eac7bd8124fbf04e77799dc09e81e1a540b463b6c5a9fe6e03b,collect,115,26454759,-70300,-70100,,2006906709,535,2006.906709,0.00000535,976697,535,0.976697,0.00000535,"{""recipient"": ""0x982116545d53F954Ac348694CB1a8cF45269bBf0""}"
2025-09-23T06:30:25+00:00,35909839,288,0xa7e1fcf9c53c72cfbf9367b36b641d126fb4720bc0f3b4689c22acc4988a8be7,mint,416,26469577,-70400,-70200,5965787847,1020041954,867502,1020.041954,0.00867502,,,0,0,"{""pool_owner"": ""0x827922686190790b37229fd06084350E74485b72""}"
2025-09-23T18:50:09+00:00,35932031,36,0xfbcabe02ce2db4f3b0b4702547664f92f9d1657f9922f7ac1f779197249daeee,burn,59,26469577,-70400,-70200,5965787847,0,1774921,0,0.01774921,,,0,0,
2025-09-23T18:50:09+00:00,35932031,36,0xfbcabe02ce2db4f3b0b4702547664f92f9d1657f9922f7ac1f779197249daeee,collect,64,26469577,-70400,-70200,,2706255,1777671,2.706255,0.01777671,2706255,2750,2.706255,0.0000275,"{""recipient"": ""0x982116545d53F954Ac348694CB1a8cF45269bBf0""}"
2025-09-23T18:50:29+00:00,35932041,168,0x7c895ad01255c49d3934527cf2d05937f4197ba099faa7a89e817835519e2c19,mint,1236,26534625,-70300,-70100,5971100187,953944008,927992,953.944008,0.00927992,,,0,0,"{""pool_owner"": ""0x827922686190790b37229fd06084350E74485b72""}"
2025-09-24T11:00:11+00:00,35961132,127,0x7134a6193f8249fbb0496a8e4358bba83cd96b06a068bb43afeb8f08986c435e,burn,348,26534625,-70300,-70100,5971100187,1996787602,0,1996.787602,0,,,0,0,
2025-09-24T11:00:11+00:00,35961132,127,0x7134a6193f8249fbb0496a8e4358bba83cd96b06a068bb43afeb8f08986c435e,collect,353,26534625,-70300,-70100,,2000548608,2984,2000.548608,0.00002984,3761006,2984,3.761006,0.00002984,"{""recipient"": ""0x982116545d53F954Ac348694CB1a8cF45269bBf0""}"
2025-09-24T11:00:29+00:00,35961141,40,0xce83ded657daeaa5e3ecc52dcf752359afe9e6adf8d91e1a6dece71be81993aa,mint,158,26613751,-70400,-70200,5966489224,1018257712,869289,1018.257712,0.00869289,,,0,0,"{""pool_owner"": ""0x827922686190790b37229fd06084350E74485b72""}"
2025-09-25T04:40:07+00:00,35992930,297,0x64e2b0455255a4195ce19792c8507e46a9bfbb656fddd165a39279eefe6dd036,burn,894,26613751,-70400,-70200,5966489224,0,1775130,0,0.0177513,,,0,0,
2025-09-25T04:40:07+00:00,35992930,297,0x64e2b0455255a4195ce19792c8507e46a9bfbb656fddd165a39279eefe6dd036,collect,899,26613751,-70400,-70200,,4086021,1778992,4.086021,0.01778992,4086021,3862,4.086021,0.00003862,"{""recipient"": ""0x982116545d53F954Ac348694CB1a8cF45269bBf0""}"
2025-09-25T04:40:29+00:00,35992941,203,0x6b26b3f1af7deded268b7af26b52d9d35b20315caae6f637eeec09e8d5a5fc14,mint,635,26694550,-70300,-70100,5997757867,921613128,964871,921.613128,0.00964871,,,0,0,"{""pool_owner"": ""0x827922686190790b37229fd06084350E74485b72""}"
2025-09-25T17:10:09+00:00,36015431,48,0xcae1156ec2364f6fd57a030e893f5f7223e8b09553bebf6f6d005fa889e76628,burn,399,26694550,-70300,-70100,5997757867,0,1793377,0,0.01793377,,,0,0,
2025-09-25T17:10:09+00:00,36015431,48,0xcae1156ec2364f6fd57a030e893f5f7223e8b09553bebf6f6d005fa889e76628,collect,404,26694550,-70300,-70100,,4299008,1797477,4.299008,0.01797477,4299008,4100,4.299008,0.000041,"{""recipient"": ""0x982116545d53F954Ac348694CB1a8cF45269bBf0""}"
2025-09-25T17:10:27+00:00,36015440,49,0x57d526fff80589a8d36802db9964d000db6de42a9f6f9e6a543179efaeb79c6e,mint,253,26765166,-70200,-70000,6022448401,997926993,904009,997.926993,0.00904009,,,0,0,"{""pool_owner"": ""0x827922686190790b37229fd06084350E74485b72""}"
2025-09-25T17:40:07+00:00,36016330,333,0x89704065f92283504b6c35184a0448e568c95fe8214133199623d4a3fd493e6e,burn,852,26765166,-70200,-70000,6022448401,24912603,1787063,24.912603,0.01787063,,,0,0,
2025-09-25T17:40:07+00:00,36016330,333,0x89704065f92283504b6c35184a0448e568c95fe8214133199623d4a3fd493e6e,collect,857,26765166,-70200,-70000,,25317303,1787728,25.317303,0.01787728,404700,665,0.4047,0.00000665,"{""recipient"": ""0x982116545d53F954Ac348694CB1a8cF45269bBf0""}"
2025-09-25T17:50:21+00:00,36016637,363,0xb1f5d36972f847d21dbb12fd6ccf8909af77b63b5302d1e2a835fdedff99a471,mint,317,26767794,-70100,-69900,6050149411,649559695,1230684,649.559695,0.01230684,,,0,0,"{""pool_owner"": ""0x827922686190790b37229fd06084350E74485b72""}"
2025-09-28T20:40:09+00:00,36151331,14,0x2af3e030365cb5341e30e0e10eb674f35f4eb4b2f6e4a8a6a0a8d5ec6be63419,burn,25,26767794,-70100,-69900,6050149411,2003091950,0,2003.09195,0,,,0,0,
2025-09-28T20:40:09+00:00,36151331,14,0x2af3e030365cb5341e30e0e10eb674f35f4eb4b2f6e4a8a6a0a8d5ec6be63419,collect,30,26767794,-70100,-69900,,2016602757,11875,2016.602757,0.00011875,13510807,11875,13.510807,0.00011875,"{""recipient"": ""0x982116545d53F954Ac348694CB1a8cF45269bBf0""}"
2025-09-28T20:40:29+00:00,36151341,200,0x8c66624aecf89da64a5e2cab142f5f654444dde048c7076d03017444b38bba62,mint,671,27131291,-70200,-70000,6020818893,1211104538,711197,1211.104538,0.00711197,,,0,0,"{""pool_owner"": ""0x827922686190790b37229fd06084350E74485b72""}"
2025-09-28T22:40:09+00:00,36154931,55,0x08e214f657b0824e4557024702a305d9ec521150e9b069758ebc6a98300f8102,burn,149,27131291,-70200,-70000,6020818893,1999535419,3430,1999.535419,0.0000343,,,0,0,
2025-09-28T22:40:09+00:00,36154931,55,0x08e214f657b0824e4557024702a305d9ec521150e9b069758ebc6a98300f8102,collect,154,27131291,-70200,-70000,,2000200339,3775,2000.200339,0.00003775,664920,345,0.66492,0.00000345,"{""recipient"": ""0x982116545d53F954Ac348694CB1a8cF45269bBf0""}"
2025-09-28T22:40:29+00:00,36154941,316,0x49017a5977c2736aa3343ae866b64006522a8861b56b8d838e21b8640e062eb8,mint,771,27139213,-70300,-70100,5844501994,996309529,852347,996.309529,0.00852347,,,0,0,"{""pool_owner"": ""0x827922686190790b37229fd06084350E74485b72""}"
2025-09-29T13:50:09+00:00,36182231,20,0xe6879cba0ce4517070d2215aaaf0fad253413d1d9cd465bfe551f9a99ecaae7c,burn,91,27139213,-70300,-70100,5844501994,1954452070,0,1954.45207,0,,,0,0,
2025-09-29T13:50:09+00:00,36182231,20,0xe6879cba0ce4517070d2215aaaf0fad253413d1d9cd465bfe551f9a99ecaae7c,collect,96,27139213,-70300,-70100,,1957304162,2239,1957.304162,0.00002239,2852092,2239,2.852092,0.00002239,"{""recipient"": ""0x982116545d53F954Ac348694CB1a8cF45269bBf0""}"
2025-09-29T13:50:29+00:00,36182241,207,0x263c57ed8bd1ccad445eaaf146020820b5c02493139b15b61218f4ff033a3e37,mint,617,27208943,-70400,-70300,11878721217,821495473,1036912,821.495473,0.01036912,,,0,0,"{""pool_owner"": ""0x827922686190790b37229fd06084350E74485b72""}"
2025-09-29T14:50:09+00:00,36184031,28,0x78fa89bfca6b5812640709a6165aeed6190a0a0149bb6d908b4d80ac59d36e9c,burn,78,27208943,-70400,-70300,11878721217,2001118912,0,2001.118912,0,,,0,0,
2025-09-29T14:50:09+00:00,36184031,28,0x78fa89bfca6b5812640709a6165aeed6190a0a0149bb6d908b4d80ac59d36e9c,collect,83,27208943,-70400,-70300,,2002307114,709,2002.307114,0.00000709,1188202,709,1.188202,0.00000709,"{""recipient"": ""0x982116545d53F954Ac348694CB1a8cF45269bBf0""}"
2025-09-29T14:50:31+00:00,36184042,30,0xfb2c3c894270dfe1bf0c883b51c99cd0ce60434b890f0afcc1a7665257fcaff6,mint,154,27215223,-70500,-70300,5933921344,1146880391,747174,1146.880391,0.00747174,,,0,0,"{""pool_owner"": ""0x827922686190790b37229fd06084350E74485b72""}"
2025-09-30T09:50:09+00:00,36218231,94,0xc6044e354993bf1b7b21391586147d91db4f2ddabf835944cc9f889f1846ef83,burn,469,27215223,-70500,-70300,5933921344,0,1756635,0,0.01756635,,,0,0,
2025-09-30T09:50:09+00:00,36218231,94,0xc6044e354993bf1b7b21391586147d91db4f2ddabf835944cc9f889f1846ef83,collect,474,27215223,-70500,-70300,,3202228,1759739,3.202228,0.01759739,3202228,3104,3.202228,0.00003104,"{""recipient"": ""0x982116545d53F954Ac348694CB1a8cF45269bBf0""}"
2025-09-30T09:50:21+00:00,36218237,283,0x19fa407a9e7780c4add3e1f6e2e3e179a209110e069fa3a81763ba67e22ab7d1,mint,721,27300860,-70400,-70200,5965522208,996871638,887932,996.871638,0.00887932,,,0,0,"{""pool_owner"": ""0x827922686190790b37229fd06084350E74485b72""}"
2025-09-30T19:40:09+00:00,36235931,113,0x9b36815a2c1288b030154412f8b47eb76222ea661a6ddb4888966ca84fb5eaf4,burn,182,27300860,-70400,-70200,5965522208,2004921366,0,2004.921366,0,,,0,0,
2025-09-30T19:40:09+00:00,36235931,113,0x9b36815a2c1288b030154412f8b47eb76222ea661a6ddb4888966ca84fb5eaf4,collect,187,27300860,-70400,-70200,,2007758965,2217,2007.758965,0.00002217,2837599,2217,2.837599,0.00002217,"{""recipient"": ""0x982116545d53F954Ac348694CB1a8cF45269bBf0""}"
2025-09-30T19:40:29+00:00,36235941,183,0xb5d0d75ee32a73f2512a3306ae58ccbecfebb6f4539b7daeaf2c30a07582720a,mint,608,27350796,-70500,-70300,5871680627,1005779612,852366,1005.779612,0.00852366,,,0,0,"{""pool_owner"": ""0x827922686190790b37229fd06084350E74485b72""}"
2025-09-30T23:58:43+00:00,36243688,,,closing_state,,27350796,-70500,-70300,5871680627,,,0,0,,,0,0,"{""liquidity"": ""5871680627"", ""amount0_owed"": ""0"", ""amount1_owed"": ""0"", ""amount0_owed_dec"": ""0"", ""amount1_owed_dec"": ""0"", ""amount0_from_liquidity_dec"": ""947.8644753168611834536352237646350097601"", ""amount1_from_liquidity_dec"": ""0.009031311674597743475404860072038962015677"", ""liquidity_usd_value"": ""1977.950326309440676873532341062646700005"", ""staked"": false, ""sqrt_price_x96"": ""2346010044590808406284957288"", ""amount0_from_liquidity_raw"": ""947864475.3168611834536352237646350097601"", ""amount1_from_liquidity_raw"": ""903131.1674597743475404860072038962015677""}"
